<?xml version="1.0" encoding="UTF-8"?>
<feature
      id="org.eclipse.jgit"
      label="%featureName"
      version="5.2.1.201812262042-r"
      provider-name="%providerName">

   <description url="http://www.eclipse.org/jgit/">
      %description
   </description>

   <copyright>
      %copyright
   </copyright>

   <license url="%licenseURL">
      %license
   </license>

   <url>
      <update label="%updateSiteName" url="http://download.eclipse.org/egit/updates"/>
      <discovery label="%updateSiteName" url="http://download.eclipse.org/egit/updates"/>
   </url>

   <plugin
         id="org.eclipse.jgit"
         download-size="0"
         install-size="0"
         version="0.0.0"
         unpack="false"/>

   <plugin
         id="org.eclipse.jgit.archive"
         download-size="0"
         install-size="0"
         version="0.0.0"
         unpack="false"/>

   <plugin
         id="com.jcraft.jsch"
         download-size="0"
         install-size="0"
         version="0.0.0"
         unpack="false"/>

   <plugin
         id="javaewah"
         download-size="0"
         install-size="0"
         version="0.0.0"
         unpack="false"/>

   <plugin
         id="org.apache.commons.compress"
         download-size="0"
         install-size="0"
         version="0.0.0"
         unpack="false"/>

   <plugin
         id="org.slf4j.api"
         download-size="0"
         install-size="0"
         version="0.0.0"
         unpack="false"/>

   <plugin
         id="org.slf4j.impl.log4j12"
         download-size="0"
         install-size="0"
         version="0.0.0"
         fragment="true"
         unpack="false"/>

   <plugin
         id="org.apache.log4j"
         download-size="0"
         install-size="0"
         version="0.0.0"
         unpack="false"/>

   <plugin
         id="com.jcraft.jzlib"
         download-size="0"
         install-size="0"
         version="0.0.0"
         unpack="false"/>

</feature>
