<?xml version="1.0" encoding="UTF-8"?>
<feature
      id="org.eclipse.jgit.pgm"
      label="%featureName"
      version="5.2.1.201812262042-r"
      provider-name="%providerName">

   <description url="http://www.eclipse.org/jgit/">
      %description
   </description>

   <copyright>
      %copyright
   </copyright>

   <license url="%licenseURL">
      %license
   </license>

   <url>
      <update label="%updateSiteName" url="http://download.eclipse.org/egit/updates"/>
      <discovery label="%updateSiteName" url="http://download.eclipse.org/egit/updates"/>
   </url>

   <includes
         id="org.eclipse.jgit"
         version="0.0.0"/>

   <includes
         id="org.eclipse.jgit.lfs"
         version="0.0.0"/>

   <requires>
      <import feature="org.eclipse.jgit" version="5.2.1" match="equivalent"/>
      <import feature="org.eclipse.jgit.lfs" version="5.2.1" match="equivalent"/>
      <import feature="org.eclipse.jgit.ssh.apache" version="5.2.1" match="equivalent"/>
   </requires>

   <plugin
         id="org.eclipse.jgit.pgm"
         download-size="0"
         install-size="0"
         version="0.0.0"
         unpack="false"/>

   <plugin
         id="org.eclipse.jgit.ui"
         download-size="0"
         install-size="0"
         version="0.0.0"
         unpack="false"/>

   <plugin
         id="org.apache.commons.compress"
         download-size="0"
         install-size="0"
         version="0.0.0"
         unpack="false"/>

   <plugin
         id="org.kohsuke.args4j"
         download-size="0"
         install-size="0"
         version="0.0.0"
         unpack="false"/>

   <plugin
         id="javaewah"
         download-size="0"
         install-size="0"
         version="0.0.0"
         unpack="false"/>

</feature>
