<?xml version="1.0" encoding="UTF-8"?>
<feature
      id="org.eclipse.jgit.pgm.source"
      label="%featureName"
      version="5.2.1.201812262042-r"
      provider-name="%providerName">

   <description url="http://www.eclipse.org/jgit/">
     %description
   </description>

   <copyright>
     %copyright
   </copyright>

   <license url="%licenseURL">
     %license
   </license>

   <url>
      <update label="%updateSiteName" url="http://download.eclipse.org/egit/updates"/>
      <discovery label="%updateSiteName" url="http://download.eclipse.org/egit/updates"/>
   </url>

   <plugin
         id="org.eclipse.jgit.pgm.source"
         download-size="0"
         install-size="0"
         version="0.0.0"
         unpack="false"/>
</feature>
